<CMX_DB>
<CMX_VARIABLE_OFFSET_LIST>
		<CMX_VARIABLE_OFFSET VARIABLE_NAME="CycleTimeConfigSec_packed_val" VARIABLE_OFFSET="0" VARIABLE_SIZE="1" VARIABLE_ACCESS="RO" ORDINAL="0"/>
		<CMX_VARIABLE_OFFSET VARIABLE_NAME="ForceButtonPrev" VARIABLE_OFFSET="1" VARIABLE_SIZE="1" VARIABLE_ACCESS="RO" ORDINAL="1"/>
		<CMX_VARIABLE_OFFSET VARIABLE_NAME="ForceStop" VARIABLE_OFFSET="2" VARIABLE_SIZE="1" VARIABLE_ACCESS="RO" ORDINAL="2"/>
		<CMX_VARIABLE_OFFSET VARIABLE_NAME="I2CCollect1" VARIABLE_OFFSET="3" VARIABLE_SIZE="2" VARIABLE_ACCESS="RO" ORDINAL="3"/>
		<CMX_VARIABLE_OFFSET VARIABLE_NAME="I2CCollect2" VARIABLE_OFFSET="5" VARIABLE_SIZE="2" VARIABLE_ACCESS="RO" ORDINAL="4"/>
		<CMX_VARIABLE_OFFSET VARIABLE_NAME="I2CCollect3" VARIABLE_OFFSET="7" VARIABLE_SIZE="2" VARIABLE_ACCESS="RO" ORDINAL="5"/>
		<CMX_VARIABLE_OFFSET VARIABLE_NAME="I2CWriteCycleTime1" VARIABLE_OFFSET="9" VARIABLE_SIZE="2" VARIABLE_ACCESS="RO" ORDINAL="6"/>
		<CMX_VARIABLE_OFFSET VARIABLE_NAME="I2CWriteCycleTime2" VARIABLE_OFFSET="11" VARIABLE_SIZE="2" VARIABLE_ACCESS="RO" ORDINAL="7"/>
		<CMX_VARIABLE_OFFSET VARIABLE_NAME="I2CWriteCycleTime3" VARIABLE_OFFSET="13" VARIABLE_SIZE="2" VARIABLE_ACCESS="RO" ORDINAL="8"/>
		<CMX_VARIABLE_OFFSET VARIABLE_NAME="I2CWriteOpMode1" VARIABLE_OFFSET="15" VARIABLE_SIZE="2" VARIABLE_ACCESS="RO" ORDINAL="9"/>
		<CMX_VARIABLE_OFFSET VARIABLE_NAME="I2CWriteOpMode2" VARIABLE_OFFSET="17" VARIABLE_SIZE="2" VARIABLE_ACCESS="RO" ORDINAL="10"/>
		<CMX_VARIABLE_OFFSET VARIABLE_NAME="I2CWriteOpMode3" VARIABLE_OFFSET="19" VARIABLE_SIZE="2" VARIABLE_ACCESS="RO" ORDINAL="11"/>
		<CMX_VARIABLE_OFFSET VARIABLE_NAME="LatchCycleChange" VARIABLE_OFFSET="21" VARIABLE_SIZE="1" VARIABLE_ACCESS="RO" ORDINAL="12"/>
		<CMX_VARIABLE_OFFSET VARIABLE_NAME="OpStateLED" VARIABLE_OFFSET="22" VARIABLE_SIZE="1" VARIABLE_ACCESS="RO" ORDINAL="13"/>
		<CMX_VARIABLE_OFFSET VARIABLE_NAME="OperatingState_state" VARIABLE_OFFSET="23" VARIABLE_SIZE="1" VARIABLE_ACCESS="RO" ORDINAL="14"/>
		<CMX_VARIABLE_OFFSET VARIABLE_NAME="OperatingState_transition" VARIABLE_OFFSET="24" VARIABLE_SIZE="1" VARIABLE_ACCESS="RO" ORDINAL="15"/>
		<CMX_VARIABLE_OFFSET VARIABLE_NAME="Slave1Green" VARIABLE_OFFSET="25" VARIABLE_SIZE="1" VARIABLE_ACCESS="RO" ORDINAL="16"/>
		<CMX_VARIABLE_OFFSET VARIABLE_NAME="Slave1Red" VARIABLE_OFFSET="26" VARIABLE_SIZE="1" VARIABLE_ACCESS="RO" ORDINAL="17"/>
		<CMX_VARIABLE_OFFSET VARIABLE_NAME="Slave1Yellow" VARIABLE_OFFSET="27" VARIABLE_SIZE="1" VARIABLE_ACCESS="RO" ORDINAL="18"/>
		<CMX_VARIABLE_OFFSET VARIABLE_NAME="Slave2Green" VARIABLE_OFFSET="28" VARIABLE_SIZE="1" VARIABLE_ACCESS="RO" ORDINAL="19"/>
		<CMX_VARIABLE_OFFSET VARIABLE_NAME="Slave2Red" VARIABLE_OFFSET="29" VARIABLE_SIZE="1" VARIABLE_ACCESS="RO" ORDINAL="20"/>
		<CMX_VARIABLE_OFFSET VARIABLE_NAME="Slave2Yellow" VARIABLE_OFFSET="30" VARIABLE_SIZE="1" VARIABLE_ACCESS="RO" ORDINAL="21"/>
		<CMX_VARIABLE_OFFSET VARIABLE_NAME="Slave3Green" VARIABLE_OFFSET="31" VARIABLE_SIZE="1" VARIABLE_ACCESS="RO" ORDINAL="22"/>
		<CMX_VARIABLE_OFFSET VARIABLE_NAME="Slave3Red" VARIABLE_OFFSET="32" VARIABLE_SIZE="1" VARIABLE_ACCESS="RO" ORDINAL="23"/>
		<CMX_VARIABLE_OFFSET VARIABLE_NAME="Slave3Yellow" VARIABLE_OFFSET="33" VARIABLE_SIZE="1" VARIABLE_ACCESS="RO" ORDINAL="24"/>
		<CMX_VARIABLE_OFFSET VARIABLE_NAME="UpdateButtonPrev" VARIABLE_OFFSET="34" VARIABLE_SIZE="1" VARIABLE_ACCESS="RO" ORDINAL="25"/>
		<CMX_VARIABLE_OFFSET VARIABLE_NAME="UpdateCycleTime" VARIABLE_OFFSET="35" VARIABLE_SIZE="1" VARIABLE_ACCESS="RO" ORDINAL="26"/>
	</CMX_VARIABLE_OFFSET_LIST>
</CMX_DB>
