<CMX_DB>
<CMX_VARIABLE_OFFSET_LIST>
		<CMX_VARIABLE_OFFSET VARIABLE_NAME="Activate" VARIABLE_OFFSET="0" VARIABLE_SIZE="1" VARIABLE_ACCESS="RW" ORDINAL="0"/>
		<CMX_VARIABLE_OFFSET VARIABLE_NAME="CycleTimeSec" VARIABLE_OFFSET="1" VARIABLE_SIZE="1" VARIABLE_ACCESS="RW" ORDINAL="1"/>
		<CMX_VARIABLE_OFFSET VARIABLE_NAME="CycleTick200ms" VARIABLE_OFFSET="2" VARIABLE_SIZE="1" VARIABLE_ACCESS="RO" ORDINAL="2"/>
		<CMX_VARIABLE_OFFSET VARIABLE_NAME="CycleTimeCnt" VARIABLE_OFFSET="3" VARIABLE_SIZE="1" VARIABLE_ACCESS="RO" ORDINAL="3"/>
		<CMX_VARIABLE_OFFSET VARIABLE_NAME="CycleTimer" VARIABLE_OFFSET="4" VARIABLE_SIZE="1" VARIABLE_ACCESS="RO" ORDINAL="4"/>
		<CMX_VARIABLE_OFFSET VARIABLE_NAME="GreenLight" VARIABLE_OFFSET="5" VARIABLE_SIZE="1" VARIABLE_ACCESS="RO" ORDINAL="5"/>
		<CMX_VARIABLE_OFFSET VARIABLE_NAME="PackedLightState" VARIABLE_OFFSET="6" VARIABLE_SIZE="1" VARIABLE_ACCESS="RO" ORDINAL="6"/>
		<CMX_VARIABLE_OFFSET VARIABLE_NAME="RedLight" VARIABLE_OFFSET="7" VARIABLE_SIZE="1" VARIABLE_ACCESS="RO" ORDINAL="7"/>
		<CMX_VARIABLE_OFFSET VARIABLE_NAME="TrafficLightSM_state" VARIABLE_OFFSET="8" VARIABLE_SIZE="1" VARIABLE_ACCESS="RO" ORDINAL="8"/>
		<CMX_VARIABLE_OFFSET VARIABLE_NAME="TrafficLightSM_transition" VARIABLE_OFFSET="9" VARIABLE_SIZE="1" VARIABLE_ACCESS="RO" ORDINAL="9"/>
		<CMX_VARIABLE_OFFSET VARIABLE_NAME="YellowLight" VARIABLE_OFFSET="10" VARIABLE_SIZE="1" VARIABLE_ACCESS="RO" ORDINAL="10"/>
	</CMX_VARIABLE_OFFSET_LIST>
</CMX_DB>
